Region,Category,Sales
West,Office Supplies,14.62
West,Furniture,48.86
West,Office Supplies,7.28
West,Technology,907.152
West,Office Supplies,18.504
West,Office Supplies,114.9
West,Furniture,1706.184
West,Technology,911.424
West,Office Supplies,407.976
West,Office Supplies,55.5
West,Office Supplies,8.56
West,Technology,213.48
West,Office Supplies,22.72
West,Furniture,1044.63
West,Office Supplies,11.648
West,Technology,90.57
West,Office Supplies,77.88
West,Technology,13.98
West,Office Supplies,25.824
West,Office Supplies,146.73
West,Furniture,79.76
West,Office Supplies,1113.024
West,Technology,167.968
West,Office Supplies,14.9
West,Office Supplies,21.39
West,Office Supplies,20.1
West,Technology,73.584
West,Office Supplies,6.48
West,Office Supplies,5.682
West,Office Supplies,51.312
West,Technology,238.896
West,Furniture,102.36
West,Office Supplies,36.882
West,Furniture,787.53
West,Office Supplies,2.388
West,Office Supplies,243.992
West,Furniture,81.424
West,Furniture,238.56
West,Office Supplies,20.04
West,Office Supplies,35.44
West,Office Supplies,11.52
West,Office Supplies,4.02
West,Office Supplies,76.176
West,Office Supplies,65.88
West,Furniture,43.12
West,Office Supplies,8.82
West,Office Supplies,10.86
West,Office Supplies,143.7
West,Office Supplies,671.93
West,Office Supplies,157.92
West,Technology,203.184
West,Office Supplies,58.38
West,Office Supplies,105.52
West,Office Supplies,80.88
West,Office Supplies,6.63
West,Furniture,457.568
West,Office Supplies,5.98
West,Office Supplies,28.4
West,Office Supplies,27.68
West,Office Supplies,20.94
West,Office Supplies,110.96
West,Furniture,340.144
West,Technology,176.8
West,Office Supplies,14.28
West,Furniture,218.75
West,Office Supplies,2.6
West,Technology,444.768
West,Office Supplies,93.06
West,Technology,302.376
West,Office Supplies,10.56
West,Furniture,321.568
West,Office Supplies,7.61
West,Technology,3347.37
West,Technology,79.9
West,Office Supplies,725.84
West,Technology,209.93
West,Furniture,5.28
West,Office Supplies,10.92
West,Office Supplies,8.82
West,Office Supplies,5.98
West,Furniture,1038.84
West,Office Supplies,141.76
West,Technology,239.8
West,Office Supplies,31.104
West,Furniture,300.416
West,Furniture,230.352
West,Furniture,218.352
West,Office Supplies,78.6
West,Office Supplies,27.552
West,Furniture,15.136
West,Furniture,466.768
West,Furniture,15.232
West,Office Supplies,6.264
West,Office Supplies,7.16
West,Office Supplies,251.52
West,Technology,99.99
West,Office Supplies,4.752
West,Technology,959.984
West,Office Supplies,14.368
West,Office Supplies,7.712
West,Furniture,698.352
West,Office Supplies,4.96
West,Technology,47.976
West,Office Supplies,211.96
West,Office Supplies,8.16
West,Technology,1023.936
West,Office Supplies,9.24
West,Technology,479.04
West,Office Supplies,50.96
West,Office Supplies,49.536
West,Technology,246.384
West,Technology,1799.97
West,Office Supplies,75.792
West,Technology,179.95
West,Technology,1199.976
West,Office Supplies,27.15
West,Furniture,1004.024
West,Office Supplies,9.68
West,Office Supplies,28.35
West,Office Supplies,55.98
West,Furniture,1336.829
West,Furniture,113.568
West,Office Supplies,139.86
West,Furniture,307.136
West,Office Supplies,95.92
West,Furniture,383.8
West,Office Supplies,9.32
West,Office Supplies,15.25
West,Technology,196.752
West,Furniture,129.568
West,Office Supplies,103.92
West,Technology,899.91
West,Office Supplies,51.312
West,Furniture,23.56
West,Furniture,1272.63
West,Office Supplies,28.485
West,Office Supplies,185.376
West,Office Supplies,78.272
West,Office Supplies,340.92
West,Furniture,222.666
West,Technology,703.968
West,Office Supplies,92.52
West,Office Supplies,62.65
West,Office Supplies,94.85
West,Technology,95.76
West,Technology,9.09
West,Office Supplies,29.6
West,Furniture,514.165
West,Technology,279.96
West,Technology,93.98
West,Office Supplies,119.616
West,Furniture,255.76
West,Furniture,241.568
West,Furniture,69.3
West,Office Supplies,22.62
West,Office Supplies,14.952
West,Furniture,801.568
West,Office Supplies,2.376
West,Office Supplies,32.792
West,Office Supplies,6.63
West,Office Supplies,5.88
West,Technology,2999.95
West,Office Supplies,51.45
West,Office Supplies,11.96
West,Office Supplies,1126.02
West,Technology,55.176
West,Technology,66.26
West,Furniture,190.72
West,Furniture,47.94
West,Office Supplies,16.768
West,Technology,380.864
West,Furniture,1121.568
West,Office Supplies,1295.78
West,Office Supplies,20.7
West,Furniture,1335.68
West,Office Supplies,32.4
West,Furniture,42.6
West,Office Supplies,84.056
West,Office Supplies,3.96
West,Office Supplies,2.61
West,Technology,374.376
West,Office Supplies,91.84
West,Office Supplies,81.088
West,Office Supplies,19.44
West,Furniture,451.152
West,Office Supplies,8.82
West,Office Supplies,160.72
West,Office Supplies,19.92
West,Office Supplies,7.3
West,Office Supplies,51.52
West,Technology,470.376
West,Technology,105.584
West,Office Supplies,31.152
West,Office Supplies,6.783
West,Technology,406.368
West,Technology,84.784
West,Office Supplies,20.736
West,Office Supplies,16.821
West,Office Supplies,10.368
West,Office Supplies,76.12
West,Technology,1199.976
West,Technology,445.96
West,Furniture,327.76
West,Office Supplies,97.16
West,Office Supplies,15.24
West,Office Supplies,13.23
West,Office Supplies,243.384
West,Technology,119.8
West,Technology,300.768
West,Office Supplies,18.882
West,Office Supplies,122.328
West,Furniture,1049.2
West,Office Supplies,15.424
West,Office Supplies,330.4
West,Office Supplies,26.25
West,Office Supplies,31.56
West,Office Supplies,30.144
West,Furniture,14.8
West,Technology,302.376
West,Technology,316
West,Technology,166.24
West,Office Supplies,33.4
West,Furniture,209.88
West,Furniture,369.912
West,Office Supplies,19.92
West,Office Supplies,59.808
West,Furniture,73.32
West,Office Supplies,146.82
West,Office Supplies,242.94
West,Technology,179.97
West,Office Supplies,99.696
West,Office Supplies,27.936
West,Furniture,84.98
West,Office Supplies,18.72
West,Technology,49.98
West,Furniture,567.12
West,Office Supplies,359.32
West,Technology,1199.976
West,Furniture,79.92
West,Office Supplies,58.32
West,Furniture,544.008
West,Office Supplies,59.94
West,Office Supplies,23.92
West,Office Supplies,4.28
West,Office Supplies,17.456
West,Furniture,348.928
West,Office Supplies,9.96
West,Office Supplies,21.72
West,Furniture,283.92
West,Furniture,22.23
West,Technology,215.968
West,Furniture,18.28
West,Office Supplies,43.176
West,Technology,1983.968
West,Office Supplies,11.52
West,Furniture,1298.55
West,Office Supplies,213.92
West,Technology,25.78
West,Furniture,18.28
West,Technology,1399.93
West,Technology,67.8
West,Technology,167.97
West,Office Supplies,37.44
West,Office Supplies,26.976
West,Office Supplies,11.36
West,Office Supplies,14.62
West,Office Supplies,5.16
West,Office Supplies,38.88
West,Office Supplies,7.36
West,Office Supplies,23.1
West,Office Supplies,13.48
West,Office Supplies,13.944
West,Office Supplies,83.76
West,Office Supplies,34.68
West,Office Supplies,155.82
West,Office Supplies,70.008
West,Office Supplies,20.04
West,Office Supplies,64.96
West,Office Supplies,12.96
West,Technology,159.99
West,Office Supplies,12.96
West,Office Supplies,134.48
West,Office Supplies,17.12
West,Office Supplies,6.096
West,Furniture,1114.272
West,Office Supplies,32.4
West,Office Supplies,540.57
West,Office Supplies,167.76
West,Furniture,393.165
West,Technology,29.592
West,Office Supplies,4.752
West,Office Supplies,15.552
West,Furniture,204.6
West,Furniture,321.568
West,Office Supplies,21.88
West,Office Supplies,1.08
West,Office Supplies,3.392
West,Technology,559.984
West,Furniture,603.92
West,Office Supplies,10.23
West,Office Supplies,154.9
West,Furniture,51.75
West,Furniture,141.96
West,Furniture,199.98
West,Furniture,128.9
West,Furniture,8.36
West,Furniture,9.46
West,Furniture,25.16
West,Furniture,139.92
West,Furniture,10.11
West,Furniture,43.02
West,Furniture,162.6
West,Furniture,54.92
West,Furniture,129.92
West,Furniture,151.72
West,Furniture,35
West,Furniture,80.96
West,Furniture,25.4
West,Furniture,111.9
West,Furniture,36.96
West,Furniture,38.29
West,Furniture,239.666
West,Furniture,290.666
West,Furniture,1279.165
West,Furniture,72.784
West,Furniture,48.712
West,Furniture,11.032
West,Furniture,210.008
West,Furniture,381.44
West,Furniture,217.584
West,Furniture,161.568
West,Furniture,433.568
West,Furniture,97.568
West,Furniture,51.968
West,Furniture,242.352
West,Furniture,194.352
West,Furniture,11.664
West,Furniture,266.352
West,Furniture,298.776
West,Furniture,568.728
West,Furniture,194.848
West,Furniture,108.608
West,Furniture,483.136
West,Furniture,603.92
West,Furniture,2803.92
West,Furniture,1212.96
West,Furniture,614.272
West,Furniture,89.991
West,Furniture,181.47
West,Furniture,31.56
West,Furniture,24.27
West,Furniture,14.19
West,Furniture,101.94
West,Furniture,32.36
West,Furniture,199.8
West,Furniture,425.833
West,Furniture,144.784
West,Furniture,146.04
West,Furniture,177.568
West,Furniture,71.088
West,Furniture,364.08
West,Furniture,933.536
West,Furniture,323.136
West,Furniture,363.92
West,Furniture,167.888
West,Furniture,892.136
West,Furniture,48.58
West,Furniture,30.93
West,Furniture,40.48
West,Furniture,24.14
West,Furniture,6.16
West,Furniture,171.96
West,Furniture,174.42
West,Furniture,9.24
West,Furniture,12.54
West,Furniture,19.92
West,Furniture,31.56
West,Furniture,123.96
West,Furniture,155.25
West,Furniture,12.42
West,Furniture,23.88
West,Furniture,282.84
West,Furniture,6.96
West,Furniture,355.36
West,Furniture,80.96
West,Furniture,63.92
West,Furniture,1669.6
West,Furniture,871.4
West,Furniture,704.9
West,Furniture,94.2
West,Furniture,24.85
West,Furniture,24.75
West,Furniture,515.88
West,Furniture,66.36
West,Furniture,77.92
West,Furniture,467.46
West,Furniture,2665.62
West,Furniture,1618.37
West,Furniture,119.833
West,Furniture,195.466
West,Furniture,239.666
West,Furniture,254.9745
West,Furniture,435.999
West,Furniture,344.981
West,Furniture,120.712
West,Furniture,240.784
West,Furniture,16.192
West,Furniture,441.92
West,Furniture,145.568
West,Furniture,153.568
West,Furniture,113.888
West,Furniture,561.568
West,Furniture,241.568
West,Furniture,71.088
West,Furniture,842.352
West,Furniture,717.72
West,Furniture,215.976
West,Furniture,23.376
West,Furniture,170.352
West,Furniture,287.968
West,Furniture,579.136
West,Furniture,435.168
West,Furniture,243.92
West,Furniture,603.92
West,Furniture,16.72
West,Furniture,697.16
West,Furniture,764.688
West,Furniture,1013.488
West,Furniture,191.968
West,Furniture,1478.272
West,Furniture,3610.848
West,Furniture,275.49
West,Furniture,182.55
West,Furniture,145.98
West,Furniture,72.294
West,Furniture,127.764
West,Furniture,145.764
West,Furniture,43.31
West,Furniture,8.73
West,Furniture,18.7
West,Furniture,51.75
West,Furniture,20.24
West,Furniture,43.13
West,Furniture,12.35
West,Furniture,107.53
West,Furniture,70.98
West,Furniture,141.96
West,Furniture,115.96
West,Furniture,141.96
West,Furniture,91.96
West,Furniture,14.76
West,Furniture,12.56
West,Furniture,19.96
West,Furniture,86.26
West,Furniture,204.6
West,Furniture,4.16
West,Furniture,19.3
West,Furniture,41.96
West,Furniture,3.48
West,Furniture,35.34
West,Furniture,39.88
West,Furniture,17.46
West,Furniture,41.96
West,Furniture,16.74
West,Furniture,68.46
West,Furniture,198.46
West,Furniture,35.34
West,Furniture,39.96
West,Furniture,129.39
West,Furniture,29.22
West,Furniture,312.03
West,Furniture,25.11
West,Furniture,9.24
West,Furniture,18.84
West,Furniture,12.42
West,Furniture,119.94
West,Furniture,127.95
West,Furniture,17.31
West,Furniture,36.6
West,Furniture,22.14
West,Furniture,32.04
West,Furniture,37.05
West,Furniture,58.2
West,Furniture,85.44
West,Furniture,166.5
West,Furniture,18.84
West,Furniture,276.69
West,Furniture,41.37
West,Furniture,66.69
West,Furniture,6.24
West,Furniture,10.11
West,Furniture,41.6
West,Furniture,19.76
West,Furniture,77.6
West,Furniture,47.04
West,Furniture,59.92
West,Furniture,39.92
West,Furniture,80.96
West,Furniture,50.32
West,Furniture,30.8
West,Furniture,24.7
West,Furniture,53.2
West,Furniture,204.85
West,Furniture,145.9
West,Furniture,529.9
West,Furniture,215.65
West,Furniture,912.75
West,Furniture,1747.25
West,Furniture,25.08
West,Furniture,595.38
West,Furniture,383.64
West,Furniture,96.96
West,Furniture,1406.86
West,Furniture,59.99
West,Furniture,74.76
West,Furniture,227.36
West,Furniture,104.23
West,Furniture,435.26
West,Furniture,43.96
West,Furniture,139.58
West,Furniture,842.72
West,Furniture,47.12
West,Furniture,201.04
West,Furniture,464.85
West,Furniture,94.68
West,Furniture,134.01
West,Furniture,545.85
West,Furniture,474.43
West,Furniture,102.833
West,Furniture,120.666
West,Furniture,307.666
West,Furniture,205.666
West,Furniture,205.666
West,Furniture,307.666
West,Furniture,257.499
West,Furniture,293.199
West,Furniture,512.499
West,Furniture,333.999
West,Furniture,359.499
West,Furniture,359.499
West,Furniture,683.332
West,Furniture,411.332
West,Furniture,556.665
West,Furniture,3406.664
West,Furniture,917.9235
West,Furniture,112.648
West,Furniture,71.992
West,Furniture,256.784
West,Furniture,207.184
West,Furniture,220.96
West,Furniture,22.784
West,Furniture,35.544
West,Furniture,161.568
West,Furniture,225.296
West,Furniture,594.816
West,Furniture,161.568
West,Furniture,225.296
West,Furniture,225.568
West,Furniture,42.624
West,Furniture,14.368
West,Furniture,7.712
West,Furniture,14.368
West,Furniture,4.272
West,Furniture,236.528
West,Furniture,311.976
West,Furniture,122.136
West,Furniture,170.352
West,Furniture,218.352
West,Furniture,194.352
West,Furniture,242.136
West,Furniture,184.752
West,Furniture,572.16
West,Furniture,170.352
West,Furniture,572.16
West,Furniture,122.352
West,Furniture,451.152
West,Furniture,218.352
West,Furniture,230.28
West,Furniture,662.88
West,Furniture,674.352
West,Furniture,230.352
West,Furniture,585.552
West,Furniture,698.352
West,Furniture,4.224
West,Furniture,22.752
West,Furniture,418.296
West,Furniture,171.288
West,Furniture,568.728
West,Furniture,364.776
West,Furniture,629.064
West,Furniture,902.712
West,Furniture,268.704
West,Furniture,710.832
West,Furniture,333
West,Furniture,626.352
West,Furniture,253.176
West,Furniture,483.136
West,Furniture,725.344
West,Furniture,393.568
West,Furniture,195.136
West,Furniture,883.84
West,Furniture,195.136
West,Furniture,291.168
West,Furniture,123.136
West,Furniture,40.256
West,Furniture,121.376
West,Furniture,11.84
West,Furniture,486.368
West,Furniture,573.728
West,Furniture,557.728
West,Furniture,307.92
West,Furniture,563.92
West,Furniture,203.92
West,Furniture,283.92
West,Furniture,603.92
West,Furniture,1487.04
West,Furniture,975.92
West,Furniture,54.92
West,Furniture,13.36
West,Furniture,1325.76
West,Furniture,484.704
West,Furniture,2404.704
West,Furniture,532.704
West,Furniture,364.704
West,Furniture,206.112
West,Furniture,2003.52
West,Furniture,638.288
West,Furniture,120.576
West,Furniture,52.416
West,Furniture,393.165
West,Furniture,277.5
West,Furniture,801.6
West,Furniture,364.95
West,Furniture,66.294
West,Furniture,180.588
West,Furniture,69.576
West,Furniture,217.764
West,Furniture,590.058
West,Furniture,102.018
West,Office Supplies,13.97
West,Office Supplies,25.98
West,Office Supplies,104.85
West,Office Supplies,4.98
West,Office Supplies,29.74
West,Office Supplies,33.29
West,Office Supplies,97.84
West,Office Supplies,21.78
West,Office Supplies,241.96
West,Office Supplies,47.3
West,Office Supplies,11.68
West,Office Supplies,43.96
West,Office Supplies,3.96
West,Office Supplies,4.36
West,Office Supplies,7.86
West,Office Supplies,2.96
West,Office Supplies,12.96
West,Office Supplies,12.96
West,Office Supplies,96.08
West,Office Supplies,18.54
West,Office Supplies,114.46
West,Office Supplies,26.96
West,Office Supplies,56.56
West,Office Supplies,32.48
West,Office Supplies,20.46
West,Office Supplies,542.94
West,Office Supplies,61.44
West,Office Supplies,203.52
West,Office Supplies,43.68
West,Office Supplies,6.63
West,Office Supplies,12.39
West,Office Supplies,8.64
West,Office Supplies,9.84
West,Office Supplies,8.82
West,Office Supplies,17.94
West,Office Supplies,21.84
West,Office Supplies,6.12
West,Office Supplies,17.94
West,Office Supplies,19.44
West,Office Supplies,19.44
West,Office Supplies,22.83
West,Office Supplies,20.04
West,Office Supplies,29.79
West,Office Supplies,130.71
West,Office Supplies,161.94
West,Office Supplies,115.44
West,Office Supplies,242.94
West,Office Supplies,95.94
West,Office Supplies,176.04
West,Office Supplies,1101.48
West,Office Supplies,45.28
West,Office Supplies,58.24
West,Office Supplies,123.92
West,Office Supplies,17.12
West,Office Supplies,27.76
West,Office Supplies,219.84
West,Office Supplies,19.92
West,Office Supplies,31.92
West,Office Supplies,443.92
West,Office Supplies,27.92
West,Office Supplies,16.4
West,Office Supplies,99.2
West,Office Supplies,10.9
West,Office Supplies,51.75
West,Office Supplies,32.4
West,Office Supplies,35.2
West,Office Supplies,26.4
West,Office Supplies,477.15
West,Office Supplies,250.26
West,Office Supplies,22.5
West,Office Supplies,75.18
West,Office Supplies,73.68
West,Office Supplies,41.88
West,Office Supplies,169.68
West,Office Supplies,49.56
West,Office Supplies,35
West,Office Supplies,87.71
West,Office Supplies,46.76
West,Office Supplies,25.76
West,Office Supplies,16.02
West,Office Supplies,26.01
West,Office Supplies,60.12
West,Office Supplies,58.32
West,Office Supplies,305.01
West,Office Supplies,7.88
West,Office Supplies,3.984
West,Office Supplies,1.44
West,Office Supplies,11.328
West,Office Supplies,46.672
West,Office Supplies,11.68
West,Office Supplies,8.704
West,Office Supplies,24.448
West,Office Supplies,49.568
West,Office Supplies,53.248
West,Office Supplies,62.496
West,Office Supplies,50.784
West,Office Supplies,8.448
West,Office Supplies,18.688
West,Office Supplies,8.448
West,Office Supplies,88.768
West,Office Supplies,7.152
West,Office Supplies,36.624
West,Office Supplies,11.808
West,Office Supplies,36.624
West,Office Supplies,15.192
West,Office Supplies,17.712
West,Office Supplies,19.752
West,Office Supplies,7.08
West,Office Supplies,146.352
West,Office Supplies,185.92
West,Office Supplies,53.568
West,Office Supplies,56.064
West,Office Supplies,6.72
West,Office Supplies,895.92
West,Office Supplies,8.32
West,Office Supplies,29.2
West,Office Supplies,1219.96
West,Office Supplies,8.32
West,Office Supplies,108.72
West,Office Supplies,221.92
West,Office Supplies,19.824
West,Office Supplies,89.712
West,Office Supplies,21.552
West,Office Supplies,117.144
West,Office Supplies,21.24
West,Office Supplies,61.776
West,Office Supplies,2.025
West,Office Supplies,4.401
West,Office Supplies,54.792
West,Office Supplies,4.158
West,Office Supplies,9.552
West,Office Supplies,32.34
West,Office Supplies,25.99
West,Office Supplies,30.98
West,Office Supplies,19.98
West,Office Supplies,7.78
West,Office Supplies,48.94
West,Office Supplies,6.68
West,Office Supplies,83.42
West,Office Supplies,22.66
West,Office Supplies,23.32
West,Office Supplies,6.08
West,Office Supplies,9.26
West,Office Supplies,7.38
West,Office Supplies,61.96
West,Office Supplies,12.96
West,Office Supplies,77.88
West,Office Supplies,46.84
West,Office Supplies,129.3
West,Office Supplies,7.3
West,Office Supplies,5.04
West,Office Supplies,59.52
West,Office Supplies,8.34
West,Office Supplies,7.83
West,Office Supplies,37.59
West,Office Supplies,122.97
West,Office Supplies,13.44
West,Office Supplies,166.44
West,Office Supplies,19.44
West,Office Supplies,50.22
West,Office Supplies,51.45
West,Office Supplies,31.44
West,Office Supplies,31.44
West,Office Supplies,29.7
West,Office Supplies,192.8
West,Office Supplies,62.8
West,Office Supplies,31.92
West,Office Supplies,406.6
West,Office Supplies,35.4
West,Office Supplies,17.45
West,Office Supplies,5.7
West,Office Supplies,29.9
West,Office Supplies,37.44
West,Office Supplies,83.79
West,Office Supplies,23.84
West,Office Supplies,71.28
West,Office Supplies,5.872
West,Office Supplies,6.608
West,Office Supplies,7.28
West,Office Supplies,26.032
West,Office Supplies,35.808
West,Office Supplies,398.352
West,Office Supplies,14.352
West,Office Supplies,98.352
West,Office Supplies,42.976
West,Office Supplies,209.6
West,Office Supplies,61.12
West,Office Supplies,1471.96
West,Office Supplies,122.688
West,Office Supplies,25.164
West,Office Supplies,9.702
West,Office Supplies,8.226
West,Office Supplies,3.366
West,Office Supplies,67.86
West,Office Supplies,11.088
West,Office Supplies,2.21
West,Office Supplies,4.13
West,Office Supplies,7.89
West,Office Supplies,2.88
West,Office Supplies,18.97
West,Office Supplies,5.98
West,Office Supplies,48.94
West,Office Supplies,104.85
West,Office Supplies,19.98
West,Office Supplies,6.48
West,Office Supplies,33.29
West,Office Supplies,14.03
West,Office Supplies,12.88
West,Office Supplies,243.16
West,Office Supplies,76.12
West,Office Supplies,119.96
West,Office Supplies,6.56
West,Office Supplies,47.3
West,Office Supplies,5.88
West,Office Supplies,35.96
West,Office Supplies,9.42
West,Office Supplies,9.96
West,Office Supplies,5.76
West,Office Supplies,29.6
West,Office Supplies,13.36
West,Office Supplies,52.76
West,Office Supplies,37.94
West,Office Supplies,11.56
West,Office Supplies,11.56
West,Office Supplies,70.88
West,Office Supplies,12.96
West,Office Supplies,45.68
West,Office Supplies,37.94
West,Office Supplies,61.96
West,Office Supplies,12.96
West,Office Supplies,12.96
West,Office Supplies,330.4
West,Office Supplies,352.38
West,Office Supplies,102.96
West,Office Supplies,69.52
West,Office Supplies,152.94
West,Office Supplies,241.44
West,Office Supplies,1089.75
West,Office Supplies,53.94
West,Office Supplies,5.46
West,Office Supplies,158.13
West,Office Supplies,65.94
West,Office Supplies,18.24
West,Office Supplies,21.93
West,Office Supplies,19.44
West,Office Supplies,17.34
West,Office Supplies,67.71
West,Office Supplies,166.44
West,Office Supplies,19.44
West,Office Supplies,92.94
West,Office Supplies,12.6
West,Office Supplies,17.94
West,Office Supplies,9.87
West,Office Supplies,17.64
West,Office Supplies,19.44
West,Office Supplies,29.97
West,Office Supplies,61.02
West,Office Supplies,99.87
West,Office Supplies,33.63
West,Office Supplies,8.94
West,Office Supplies,84.84
West,Office Supplies,186.54
West,Office Supplies,34.05
West,Office Supplies,31.44
West,Office Supplies,28.8
West,Office Supplies,129.92
West,Office Supplies,81.08
West,Office Supplies,10.64
West,Office Supplies,11.52
West,Office Supplies,79.36
West,Office Supplies,15.52
West,Office Supplies,11.8
West,Office Supplies,36.44
West,Office Supplies,17.12
West,Office Supplies,22.72
West,Office Supplies,25.92
West,Office Supplies,49.12
West,Office Supplies,26.2
West,Office Supplies,87.92
West,Office Supplies,720.76
West,Office Supplies,725.84
West,Office Supplies,93.68
West,Office Supplies,53.72
West,Office Supplies,16.4
West,Office Supplies,204.85
West,Office Supplies,14.7
West,Office Supplies,73.2
West,Office Supplies,16.4
West,Office Supplies,18.75
West,Office Supplies,51.75
West,Office Supplies,61.4
West,Office Supplies,46.35
West,Office Supplies,158.9
West,Office Supplies,8187.65
West,Office Supplies,541.44
West,Office Supplies,16.68
West,Office Supplies,21.48
West,Office Supplies,90.24
West,Office Supplies,212.64
West,Office Supplies,353.88
West,Office Supplies,87.71
West,Office Supplies,110.11
West,Office Supplies,447.84
West,Office Supplies,27.72
West,Office Supplies,56.7
West,Office Supplies,47.52
West,Office Supplies,42.8
West,Office Supplies,236.5
West,Office Supplies,153.78
West,Office Supplies,423.28
West,Office Supplies,11.744
West,Office Supplies,5.84
West,Office Supplies,1016.792
West,Office Supplies,13.184
West,Office Supplies,1.344
West,Office Supplies,6.88
West,Office Supplies,14.576
West,Office Supplies,46.672
West,Office Supplies,14.624
West,Office Supplies,92.96
West,Office Supplies,487.984
West,Office Supplies,8.544
West,Office Supplies,13.904
West,Office Supplies,276.784
West,Office Supplies,36.672
West,Office Supplies,83.84
West,Office Supplies,11.696
West,Office Supplies,10.32
West,Office Supplies,5.184
West,Office Supplies,10.896
West,Office Supplies,9.336
West,Office Supplies,17.04
West,Office Supplies,12.816
West,Office Supplies,13.272
West,Office Supplies,14.952
West,Office Supplies,98.352
West,Office Supplies,27.792
West,Office Supplies,272.736
West,Office Supplies,29.304
West,Office Supplies,53.424
West,Office Supplies,120.768
West,Office Supplies,55.36
West,Office Supplies,17.088
West,Office Supplies,18.496
West,Office Supplies,35.808
West,Office Supplies,239.12
West,Office Supplies,11.52
West,Office Supplies,41.72
West,Office Supplies,155.12
West,Office Supplies,25.12
West,Office Supplies,43.92
West,Office Supplies,25.92
West,Office Supplies,13.344
West,Office Supplies,92.88
West,Office Supplies,13.344
West,Office Supplies,18.288
West,Office Supplies,25.344
West,Office Supplies,16.464
West,Office Supplies,27.496
West,Office Supplies,38.136
West,Office Supplies,47.32
West,Office Supplies,415.872
West,Office Supplies,295.056
West,Office Supplies,20.724
West,Office Supplies,4.896
West,Office Supplies,3.168
West,Office Supplies,9.612
West,Office Supplies,10.89
West,Office Supplies,8.67
West,Office Supplies,4.26
West,Office Supplies,40.97
West,Office Supplies,7.64
West,Office Supplies,35.89
West,Office Supplies,4.98
West,Office Supplies,3.08
West,Office Supplies,5.98
West,Office Supplies,6.48
West,Office Supplies,6.48
West,Office Supplies,104.85
West,Office Supplies,6.48
West,Office Supplies,4.28
West,Office Supplies,62.18
West,Office Supplies,14.03
West,Office Supplies,57.23
West,Office Supplies,10.48
West,Office Supplies,80.98
West,Office Supplies,15.58
West,Office Supplies,8.57
West,Office Supplies,262.24
West,Office Supplies,106.96
West,Office Supplies,64.96
West,Office Supplies,43.32
West,Office Supplies,7.78
West,Office Supplies,52.98
West,Office Supplies,108.96
West,Office Supplies,160.96
West,Office Supplies,3.36
West,Office Supplies,5.76
West,Office Supplies,5.68
West,Office Supplies,20.96
West,Office Supplies,51.98
West,Office Supplies,6.56
West,Office Supplies,14.88
West,Office Supplies,5.16
West,Office Supplies,5.56
West,Office Supplies,45.98
West,Office Supplies,14.88
West,Office Supplies,45.98
West,Office Supplies,5.88
West,Office Supplies,17.48
West,Office Supplies,15.28
West,Office Supplies,15.56
West,Office Supplies,167.86
West,Office Supplies,23.16
West,Office Supplies,11.62
West,Office Supplies,3.62
West,Office Supplies,22.96
West,Office Supplies,29.6
West,Office Supplies,61.06
West,Office Supplies,7.38
West,Office Supplies,8.26
West,Office Supplies,14.62
West,Office Supplies,5.76
West,Office Supplies,5.78
West,Office Supplies,7.38
West,Office Supplies,7.38
West,Office Supplies,14.62
West,Office Supplies,9.96
West,Office Supplies,10.56
West,Office Supplies,19.98
West,Office Supplies,11.96
West,Office Supplies,13.38
West,Office Supplies,19.36
West,Office Supplies,12.96
West,Office Supplies,16.34
West,Office Supplies,111.96
West,Office Supplies,81.98
West,Office Supplies,12.96
West,Office Supplies,24.56
West,Office Supplies,7.42
West,Office Supplies,11.96
West,Office Supplies,12.96
West,Office Supplies,39.96
West,Office Supplies,24.56
West,Office Supplies,12.96
West,Office Supplies,12.96
West,Office Supplies,81.98
West,Office Supplies,11.96
West,Office Supplies,12.96
West,Office Supplies,124.36
West,Office Supplies,15.78
West,Office Supplies,362.92
West,Office Supplies,40.68
West,Office Supplies,360.38
West,Office Supplies,421.1
West,Office Supplies,261.74
West,Office Supplies,21.36
West,Office Supplies,323.1
West,Office Supplies,30.28
West,Office Supplies,81.96
West,Office Supplies,27.96
West,Office Supplies,35.06
West,Office Supplies,21.96
West,Office Supplies,60.81
West,Office Supplies,56.52
West,Office Supplies,113.76
West,Office Supplies,152.91
West,Office Supplies,35.1
West,Office Supplies,65.34
West,Office Supplies,7.44
West,Office Supplies,30.48
West,Office Supplies,64.14
West,Office Supplies,12.39
West,Office Supplies,59.52
West,Office Supplies,9.84
West,Office Supplies,7.98
West,Office Supplies,8.34
West,Office Supplies,59.52
West,Office Supplies,9.12
West,Office Supplies,60.45
West,Office Supplies,6.57
West,Office Supplies,144.6
West,Office Supplies,12.42
West,Office Supplies,6.63
West,Office Supplies,9.21
West,Office Supplies,182.94
West,Office Supplies,186.69
West,Office Supplies,271.44
West,Office Supplies,71.97
West,Office Supplies,10.86
West,Office Supplies,158.13
West,Office Supplies,5.43
West,Office Supplies,10.65
West,Office Supplies,15
West,Office Supplies,5.94
West,Office Supplies,5.94
West,Office Supplies,5.04
West,Office Supplies,10.47
West,Office Supplies,11.22
West,Office Supplies,14.73
West,Office Supplies,18.9
West,Office Supplies,8.64
West,Office Supplies,14.73
West,Office Supplies,44.4
West,Office Supplies,8.64
West,Office Supplies,14.94
West,Office Supplies,8.64
West,Office Supplies,11.07
West,Office Supplies,31.05
West,Office Supplies,22.83
West,Office Supplies,28.14
West,Office Supplies,36.84
West,Office Supplies,19.05
West,Office Supplies,19.44
West,Office Supplies,19.44
West,Office Supplies,15.54
West,Office Supplies,19.44
West,Office Supplies,19.44
West,Office Supplies,68.52
West,Office Supplies,116.28
West,Office Supplies,314.55
West,Office Supplies,22.92
West,Office Supplies,19.44
West,Office Supplies,19.35
West,Office Supplies,17.94
West,Office Supplies,12.84
West,Office Supplies,12.84
West,Office Supplies,92.94
West,Office Supplies,19.44
West,Office Supplies,92.94
West,Office Supplies,17.94
West,Office Supplies,17.94
West,Office Supplies,23.67
West,Office Supplies,304.23
West,Office Supplies,340.92
West,Office Supplies,74.94
West,Office Supplies,48.72
West,Office Supplies,484.65
West,Office Supplies,70.26
West,Office Supplies,154.44
West,Office Supplies,186.54
West,Office Supplies,37.32
West,Office Supplies,193.95
West,Office Supplies,104.28
West,Office Supplies,33.87
West,Office Supplies,579.51
West,Office Supplies,332.94
West,Office Supplies,46.74
West,Office Supplies,57.93
West,Office Supplies,344.91
West,Office Supplies,11.91
West,Office Supplies,32.94
West,Office Supplies,27.93
West,Office Supplies,54.32
West,Office Supplies,46.8
West,Office Supplies,73.28
West,Office Supplies,13.12
West,Office Supplies,36.44
West,Office Supplies,16.56
West,Office Supplies,11.76
West,Office Supplies,71.92
West,Office Supplies,46.2
West,Office Supplies,45.92
West,Office Supplies,8.72
West,Office Supplies,4.96
West,Office Supplies,11.56
West,Office Supplies,29.24
West,Office Supplies,29.6
West,Office Supplies,37.52
West,Office Supplies,25.92
West,Office Supplies,49.12
West,Office Supplies,25.92
West,Office Supplies,25.92
West,Office Supplies,192.16
West,Office Supplies,123.92
West,Office Supplies,87.92
West,Office Supplies,1117.92
West,Office Supplies,139.04
West,Office Supplies,772.68
West,Office Supplies,205.92
West,Office Supplies,33.36
West,Office Supplies,15.88
West,Office Supplies,168.1
West,Office Supplies,1447.65
West,Office Supplies,1473.1
West,Office Supplies,64.9
West,Office Supplies,400.8
West,Office Supplies,43.1
West,Office Supplies,9.4
West,Office Supplies,16.9
West,Office Supplies,14.7
West,Office Supplies,10.75
West,Office Supplies,19.9
West,Office Supplies,19.9
West,Office Supplies,24.2
West,Office Supplies,35.4
West,Office Supplies,78.35
West,Office Supplies,54.9
West,Office Supplies,135.9
West,Office Supplies,10.9
West,Office Supplies,30.4
West,Office Supplies,19.6
West,Office Supplies,17.9
West,Office Supplies,74
West,Office Supplies,20.65
West,Office Supplies,62.65
West,Office Supplies,14.45
West,Office Supplies,15.75
West,Office Supplies,32.4
West,Office Supplies,10.9
West,Office Supplies,154.9
West,Office Supplies,204.95
West,Office Supplies,15.7
West,Office Supplies,34.4
West,Office Supplies,32.4
West,Office Supplies,114.2
West,Office Supplies,244.55
West,Office Supplies,21.4
West,Office Supplies,33.9
West,Office Supplies,189.7
West,Office Supplies,217.85
West,Office Supplies,354.9
West,Office Supplies,892.35
West,Office Supplies,304.9
West,Office Supplies,1325.85
West,Office Supplies,169.45
West,Office Supplies,1325.85
West,Office Supplies,118.25
West,Office Supplies,83.7
West,Office Supplies,807.75
West,Office Supplies,51.15
West,Office Supplies,35.1
West,Office Supplies,25.44
West,Office Supplies,88.8
West,Office Supplies,43.86
West,Office Supplies,37.44
West,Office Supplies,38.88
West,Office Supplies,38.88
West,Office Supplies,40.14
West,Office Supplies,35.88
West,Office Supplies,25.68
West,Office Supplies,38.88
West,Office Supplies,40.08
West,Office Supplies,34.68
West,Office Supplies,485.88
West,Office Supplies,199.74
West,Office Supplies,1003.62
West,Office Supplies,41.04
West,Office Supplies,151.62
West,Office Supplies,356.79
West,Office Supplies,18.69
West,Office Supplies,41.86
West,Office Supplies,22.96
West,Office Supplies,39.76
West,Office Supplies,15.26
West,Office Supplies,21.56
West,Office Supplies,87.71
West,Office Supplies,45.36
West,Office Supplies,29.96
West,Office Supplies,55.86
West,Office Supplies,40.46
West,Office Supplies,45.36
West,Office Supplies,159.88
West,Office Supplies,30.87
West,Office Supplies,41.86
West,Office Supplies,248.08
West,Office Supplies,48.86
West,Office Supplies,454.86
West,Office Supplies,104.79
West,Office Supplies,777.21
West,Office Supplies,87.08
West,Office Supplies,97.3
West,Office Supplies,34.24
West,Office Supplies,21.92
West,Office Supplies,303.84
West,Office Supplies,11.84
West,Office Supplies,23.04
West,Office Supplies,39.84
West,Office Supplies,786.48
West,Office Supplies,182.72
West,Office Supplies,211.04
West,Office Supplies,62.24
West,Office Supplies,34.24
West,Office Supplies,51.84
West,Office Supplies,811.28
West,Office Supplies,26.46
West,Office Supplies,37.17
West,Office Supplies,181.35
West,Office Supplies,120.15
West,Office Supplies,368.91
West,Office Supplies,53.82
West,Office Supplies,38.52
West,Office Supplies,998.82
West,Office Supplies,305.01
West,Office Supplies,728.82
West,Office Supplies,150.66
West,Office Supplies,99.3
West,Office Supplies,93.36
West,Office Supplies,1702.12
West,Office Supplies,35.208
West,Office Supplies,2.304
West,Office Supplies,7.312
West,Office Supplies,13.208
West,Office Supplies,12.176
West,Office Supplies,2.688
West,Office Supplies,9.584
West,Office Supplies,28.792
West,Office Supplies,7.92
West,Office Supplies,12.536
West,Office Supplies,6.672
West,Office Supplies,24.784
West,Office Supplies,10.744
West,Office Supplies,10.744
West,Office Supplies,6.8
West,Office Supplies,9.344
West,Office Supplies,5.248
West,Office Supplies,5.248
West,Office Supplies,487.984
West,Office Supplies,10.128
West,Office Supplies,3.168
West,Office Supplies,9.296
West,Office Supplies,27.264
West,Office Supplies,9.872
West,Office Supplies,17.568
West,Office Supplies,39.92
West,Office Supplies,8.096
West,Office Supplies,13.76
West,Office Supplies,8.608
West,Office Supplies,17.456
West,Office Supplies,57.584
West,Office Supplies,673.568
West,Office Supplies,39.872
West,Office Supplies,95.648
West,Office Supplies,4.448
West,Office Supplies,487.984
West,Office Supplies,8.288
West,Office Supplies,62.048
West,Office Supplies,23.168
West,Office Supplies,55.424
West,Office Supplies,6.368
West,Office Supplies,10.048
West,Office Supplies,13.904
West,Office Supplies,5.04
West,Office Supplies,9.568
West,Office Supplies,6.368
West,Office Supplies,16.096
West,Office Supplies,10.368
West,Office Supplies,82.368
West,Office Supplies,35.168
West,Office Supplies,12.624
West,Office Supplies,78.256
West,Office Supplies,1332.496
West,Office Supplies,10.944
West,Office Supplies,10.272
West,Office Supplies,4.224
West,Office Supplies,14.04
West,Office Supplies,38.256
West,Office Supplies,70.008
West,Office Supplies,73.344
West,Office Supplies,72.96
West,Office Supplies,11.232
West,Office Supplies,21.936
West,Office Supplies,88.752
West,Office Supplies,34.272
West,Office Supplies,50.352
West,Office Supplies,11.952
West,Office Supplies,38.376
West,Office Supplies,39.624
West,Office Supplies,46.44
West,Office Supplies,11.952
West,Office Supplies,31.128
West,Office Supplies,10.776
West,Office Supplies,102.72
West,Office Supplies,24.816
West,Office Supplies,14.256
West,Office Supplies,39.624
West,Office Supplies,19.296
West,Office Supplies,59.808
West,Office Supplies,153.552
West,Office Supplies,3266.376
West,Office Supplies,14.592
West,Office Supplies,88.752
West,Office Supplies,23.472
West,Office Supplies,4.464
West,Office Supplies,8.376
West,Office Supplies,4.512
West,Office Supplies,3.024
West,Office Supplies,27.696
West,Office Supplies,85.056
West,Office Supplies,15.552
West,Office Supplies,15.48
West,Office Supplies,22.776
West,Office Supplies,15.552
West,Office Supplies,636.408
West,Office Supplies,237.096
West,Office Supplies,37.68
West,Office Supplies,39.072
West,Office Supplies,121.792
West,Office Supplies,133.472
West,Office Supplies,8.896
West,Office Supplies,83.168
West,Office Supplies,22.72
West,Office Supplies,19.936
West,Office Supplies,17.856
West,Office Supplies,21.792
West,Office Supplies,48.032
West,Office Supplies,66.048
West,Office Supplies,33.088
West,Office Supplies,20.704
West,Office Supplies,15.712
West,Office Supplies,136.96
West,Office Supplies,11.264
West,Office Supplies,84.416
West,Office Supplies,32.896
West,Office Supplies,39.808
West,Office Supplies,13.12
West,Office Supplies,171.2
West,Office Supplies,16.52
West,Office Supplies,30.84
West,Office Supplies,121.6
West,Office Supplies,18.72
West,Office Supplies,41.36
West,Office Supplies,27.24
West,Office Supplies,133.12
West,Office Supplies,91.68
West,Office Supplies,22.92
West,Office Supplies,150.8
West,Office Supplies,137.24
West,Office Supplies,11.52
West,Office Supplies,19.92
West,Office Supplies,40.24
West,Office Supplies,55.92
West,Office Supplies,443.92
West,Office Supplies,669.08
West,Office Supplies,13.88
West,Office Supplies,86.304
West,Office Supplies,28.752
West,Office Supplies,25.824
West,Office Supplies,14.976
West,Office Supplies,100.704
West,Office Supplies,31.104
West,Office Supplies,148.704
West,Office Supplies,247.104
West,Office Supplies,39.072
West,Office Supplies,51.016
West,Office Supplies,95.144
West,Office Supplies,117.488
West,Office Supplies,2357.488
West,Office Supplies,18.088
West,Office Supplies,117.488
West,Office Supplies,123.144
West,Office Supplies,10.08
West,Office Supplies,2060.744
West,Office Supplies,43.176
West,Office Supplies,47.208
West,Office Supplies,48.664
West,Office Supplies,21.728
West,Office Supplies,27.888
West,Office Supplies,36.288
West,Office Supplies,106.232
West,Office Supplies,33.488
West,Office Supplies,47.992
West,Office Supplies,91.392
West,Office Supplies,119.616
West,Office Supplies,2022.272
West,Office Supplies,313.024
West,Office Supplies,198.272
West,Office Supplies,312.552
West,Office Supplies,223.056
West,Office Supplies,31.504
West,Office Supplies,45.584
West,Office Supplies,563.024
West,Office Supplies,43.584
West,Office Supplies,845.728
West,Office Supplies,121.68
West,Office Supplies,53.984
West,Office Supplies,8.559
West,Office Supplies,72.588
West,Office Supplies,1.08
West,Office Supplies,19.968
West,Office Supplies,7.656
West,Office Supplies,18.18
West,Office Supplies,8.736
West,Office Supplies,6.456
West,Office Supplies,6.27
West,Office Supplies,9.345
West,Office Supplies,946.764
West,Office Supplies,4.368
West,Office Supplies,19.194
West,Office Supplies,22.638
West,Office Supplies,26.352
West,Office Supplies,31.32
West,Technology,29.99
West,Technology,36.24
West,Technology,11.54
West,Technology,99.98
West,Technology,99.54
West,Technology,71.98
West,Technology,79.98
West,Technology,772.47
West,Technology,62.31
West,Technology,89.97
West,Technology,339.96
West,Technology,199.96
West,Technology,132.52
West,Technology,13999.96
West,Technology,474.95
West,Technology,82.95
West,Technology,1649.95
West,Technology,248.85
West,Technology,299.94
West,Technology,139.93
West,Technology,479.984
West,Technology,15.984
West,Technology,344.704
West,Technology,572.8
West,Technology,455.712
West,Technology,71.976
West,Technology,53.04
West,Technology,494.376
West,Technology,302.376
West,Technology,107.88
West,Technology,211.168
West,Technology,431.968
West,Technology,31.968
West,Technology,126.56
West,Technology,503.96
West,Technology,1679.96
West,Technology,657.504
West,Technology,125.944
West,Technology,552
West,Technology,179.991
West,Technology,199.99
West,Technology,118
West,Technology,199.98
West,Technology,179.97
West,Technology,119.96
West,Technology,144.96
West,Technology,239.94
West,Technology,447.93
West,Technology,164.792
West,Technology,1295.84
West,Technology,2799.96
West,Technology,79.96
West,Technology,447.944
West,Technology,71.928
West,Technology,99.99
West,Technology,99.6
West,Technology,119.98
West,Technology,119.98
West,Technology,50
West,Technology,238
West,Technology,21.98
West,Technology,989.97
West,Technology,53.25
West,Technology,107.97
West,Technology,43.5
West,Technology,428.4
West,Technology,72
West,Technology,82.95
West,Technology,234.95
West,Technology,68.46
West,Technology,148.32
West,Technology,538.92
West,Technology,435.84
West,Technology,271.992
West,Technology,23.2
West,Technology,35.12
West,Technology,135.984
West,Technology,479.92
West,Technology,84.784
West,Technology,201.584
West,Technology,20.784
West,Technology,140.376
West,Technology,23.976
West,Technology,71.976
West,Technology,639.968
West,Technology,4476.8
West,Technology,95.84
West,Technology,319.968
West,Technology,201.568
West,Technology,2799.96
West,Technology,1199.96
West,Technology,385.8
West,Technology,39.96
West,Technology,399.96
West,Technology,383.96
West,Technology,76.752
West,Technology,604.752
West,Technology,862.344
West,Technology,102.336
West,Technology,742.336
West,Technology,1113.504
West,Technology,36.24
West,Technology,36.24
West,Technology,10.99
West,Technology,16.36
West,Technology,19.99
West,Technology,299.99
West,Technology,72.64
West,Technology,119.9
West,Technology,50
West,Technology,17.9
West,Technology,999.98
West,Technology,1265.85
West,Technology,149.97
West,Technology,479.97
West,Technology,772.47
West,Technology,56.4
West,Technology,323.37
West,Technology,140.97
West,Technology,170.97
West,Technology,101.34
West,Technology,389.97
West,Technology,90.57
West,Technology,199.96
West,Technology,519.96
West,Technology,45.48
West,Technology,46.36
West,Technology,439.8
West,Technology,55.76
West,Technology,479.72
West,Technology,799.96
West,Technology,199.95
West,Technology,595
West,Technology,174.95
West,Technology,44.75
West,Technology,120
West,Technology,217.44
West,Technology,131.6
West,Technology,111.79
West,Technology,1049.44
West,Technology,1115.91
West,Technology,92.52
West,Technology,274.89
West,Technology,82.8
West,Technology,223.58
West,Technology,1039.992
West,Technology,55.992
West,Technology,5.56
West,Technology,15.992
West,Technology,107.984
West,Technology,156.792
West,Technology,31.984
West,Technology,30.08
West,Technology,89.584
West,Technology,47.984
West,Technology,479.984
West,Technology,1119.984
West,Technology,558.4
West,Technology,686.32
West,Technology,686.4
West,Technology,558.4
West,Technology,111.984
West,Technology,471.92
West,Technology,201.584
West,Technology,258.576
West,Technology,217.584
West,Technology,219.184
West,Technology,239.984
West,Technology,46.384
West,Technology,148.48
West,Technology,575.92
West,Technology,239.984
West,Technology,201.584
West,Technology,105.584
West,Technology,911.984
West,Technology,1001.584
West,Technology,249.584
West,Technology,95.976
West,Technology,479.976
West,Technology,71.976
West,Technology,1919.976
West,Technology,371.976
West,Technology,837.6
West,Technology,302.376
West,Technology,196.776
West,Technology,143.976
West,Technology,165.6
West,Technology,88.776
West,Technology,160.776
West,Technology,177.48
West,Technology,43.176
West,Technology,287.88
West,Technology,302.376
West,Technology,333.576
West,Technology,110.376
West,Technology,359.976
West,Technology,470.376
West,Technology,707.88
West,Technology,108.576
West,Technology,155.976
West,Technology,52.68
West,Technology,88.776
West,Technology,431.976
West,Technology,102.24
West,Technology,252.8
West,Technology,58.08
West,Technology,46.688
West,Technology,447.968
West,Technology,287.968
West,Technology,319.968
West,Technology,211.168
West,Technology,57.568
West,Technology,1091.168
West,Technology,38.24
West,Technology,159.968
West,Technology,415.968
West,Technology,211.168
West,Technology,438.368
West,Technology,438.336
West,Technology,87.8
West,Technology,1879.96
West,Technology,22
West,Technology,539.92
West,Technology,339.96
West,Technology,623.96
West,Technology,139.8
West,Technology,445.96
West,Technology,675.96
West,Technology,159.96
West,Technology,783.96
West,Technology,1432
West,Technology,43.6
West,Technology,105.552
West,Technology,2548.56
West,Technology,775.728
West,Technology,89.544
West,Technology,279.944
West,Technology,2973.32
West,Technology,128.744
West,Technology,666.344
West,Technology,369.544
West,Technology,72.744
West,Technology,419.944
West,Technology,139.944
West,Technology,1007.944
West,Technology,44.736
West,Technology,601.536
West,Technology,806.336
West,Technology,242.624
West,Technology,431.928
West,Technology,143.64
West,Technology,1123.128
West,Technology,103.92
West,Technology,55.92
West,Technology,79.92
West,Technology,369.16
West,Technology,29.925
West,Furniture,26.48
West,Furniture,892.98
West,Furniture,44.67
West,Furniture,136.92
West,Furniture,207.35
West,Furniture,196.45
West,Furniture,41.88
West,Furniture,1685.88
West,Furniture,131.88
West,Furniture,21.56
West,Furniture,12.18
West,Furniture,477.666
West,Furniture,305.9745
West,Furniture,556.665
West,Furniture,616.998
West,Furniture,1552.831
West,Furniture,482.664
West,Furniture,120.784
West,Furniture,189.576
West,Furniture,81.424
West,Furniture,478.48
West,Furniture,196.784
West,Furniture,161.28
West,Furniture,717.72
West,Furniture,362.136
West,Furniture,215.976
West,Furniture,510.24
West,Furniture,899.136
West,Furniture,1603.136
West,Furniture,1352.032
West,Furniture,24.64
West,Furniture,447.84
West,Furniture,340.704
West,Furniture,90.882
West,Furniture,209.979
West,Furniture,9.24
West,Furniture,35.28
West,Furniture,27.92
West,Furniture,283.56
West,Furniture,63.2
West,Furniture,362.352
West,Furniture,700.152
West,Furniture,1348.704
West,Furniture,1293.488
West,Furniture,399.672
West,Furniture,582.336
West,Furniture,198.46
West,Furniture,18.96
West,Furniture,28.28
West,Furniture,30.56
West,Furniture,37.4
West,Furniture,1292.94
West,Furniture,23.88
West,Furniture,126.3
West,Furniture,21.12
West,Furniture,36.4
West,Furniture,46.9
West,Furniture,257.64
West,Furniture,289.24
West,Furniture,1194.165
West,Furniture,195.184
West,Furniture,104.784
West,Furniture,143.432
West,Furniture,81.568
West,Furniture,97.184
West,Furniture,569.568
West,Furniture,136.464
West,Furniture,273.568
West,Furniture,71.088
West,Furniture,24.368
West,Furniture,230.28
West,Furniture,122.352
West,Furniture,184.752
West,Furniture,770.352
West,Furniture,650.352
West,Furniture,1322.352
West,Furniture,963.136
West,Furniture,15.488
West,Furniture,388.704
West,Furniture,6.28
West,Furniture,43.13
West,Furniture,22.72
West,Furniture,37.68
West,Furniture,24.4
West,Furniture,91.96
West,Furniture,91.96
West,Furniture,44.46
West,Furniture,210.58
West,Furniture,39.88
West,Furniture,64.96
West,Furniture,7.4
West,Furniture,137.54
West,Furniture,31.96
West,Furniture,9.64
West,Furniture,696.42
West,Furniture,122.91
West,Furniture,14.91
West,Furniture,148.02
West,Furniture,14.82
West,Furniture,79.44
West,Furniture,14.52
West,Furniture,65.94
West,Furniture,1128.39
West,Furniture,653.55
West,Furniture,79.92
West,Furniture,730.2
West,Furniture,72.9
West,Furniture,24.9
West,Furniture,109.9
West,Furniture,106.68
West,Furniture,16.02
West,Furniture,70.56
West,Furniture,33.11
West,Furniture,1115.17
West,Furniture,1367.84
West,Furniture,101.12
West,Furniture,167.84
West,Furniture,183.84
West,Furniture,3393.68
West,Furniture,70.68
West,Furniture,290.666
West,Furniture,273.666
West,Furniture,308.499
West,Furniture,435.999
West,Furniture,509.9575
West,Furniture,424.9575
West,Furniture,586.398
West,Furniture,300.904
West,Furniture,272.848
West,Furniture,47.968
West,Furniture,97.568
West,Furniture,41.568
West,Furniture,801.568
West,Furniture,801.568
West,Furniture,481.568
West,Furniture,266.352
West,Furniture,314.352
West,Furniture,722.352
West,Furniture,146.352
West,Furniture,362.352
West,Furniture,892.224
West,Furniture,146.352
West,Furniture,230.28
West,Furniture,63.936
West,Furniture,523.392
West,Furniture,544.008
West,Furniture,854.352
West,Furniture,338.352
West,Furniture,230.28
West,Furniture,184.752
West,Furniture,87.96
West,Furniture,238.152
West,Furniture,24.96
West,Furniture,29.328
West,Furniture,206.352
West,Furniture,902.712
West,Furniture,170.136
West,Furniture,351.216
West,Furniture,171.288
West,Furniture,502.488
West,Furniture,883.84
West,Furniture,435.168
West,Furniture,387.136
West,Furniture,307.136
West,Furniture,621.76
West,Furniture,232.88
West,Furniture,563.24
West,Furniture,1403.92
West,Furniture,1403.92
West,Furniture,906.68
West,Furniture,285.48
West,Furniture,436.704
West,Furniture,279.456
West,Furniture,1684.752
West,Furniture,292.272
West,Furniture,436.704
West,Furniture,508.704
West,Furniture,1421.664
West,Furniture,111.888
West,Furniture,68.432
West,Furniture,399.672
West,Furniture,863.128
West,Furniture,409.216
West,Furniture,1159.056
West,Furniture,885.528
West,Furniture,2887.056
West,Furniture,73.915
West,Furniture,35.445
West,Furniture,727.45
West,Furniture,177.225
West,Furniture,455.97
West,Furniture,72.588
West,Furniture,242.352
West,Office Supplies,3.89
West,Office Supplies,22.98
West,Office Supplies,5.28
West,Office Supplies,15.51
West,Office Supplies,43.56
West,Office Supplies,715.64
West,Office Supplies,4.08
West,Office Supplies,14.62
West,Office Supplies,209.7
West,Office Supplies,12.96
West,Office Supplies,11.76
West,Office Supplies,11.96
West,Office Supplies,8.56
West,Office Supplies,109.92
West,Office Supplies,11.76
West,Office Supplies,209.7
West,Office Supplies,6.28
West,Office Supplies,480.74
West,Office Supplies,241.44
West,Office Supplies,43.26
West,Office Supplies,18.9
West,Office Supplies,18.9
West,Office Supplies,31.05
West,Office Supplies,19.44
West,Office Supplies,20.04
West,Office Supplies,167.94
West,Office Supplies,344.91
West,Office Supplies,535.41
West,Office Supplies,1247.64
West,Office Supplies,57.68
West,Office Supplies,13.12
West,Office Supplies,50.12
West,Office Supplies,26.72
West,Office Supplies,22.55
West,Office Supplies,15.7
West,Office Supplies,204.95
West,Office Supplies,33.4
West,Office Supplies,141.4
West,Office Supplies,39.9
West,Office Supplies,45.36
West,Office Supplies,45.36
West,Office Supplies,733.95
West,Office Supplies,795.48
West,Office Supplies,1261.33
West,Office Supplies,58.48
West,Office Supplies,559.62
West,Office Supplies,134.8
West,Office Supplies,192.72
West,Office Supplies,3.408
West,Office Supplies,8.784
West,Office Supplies,5.184
West,Office Supplies,32.432
West,Office Supplies,2.912
West,Office Supplies,7.184
West,Office Supplies,7.184
West,Office Supplies,4.544
West,Office Supplies,5.728
West,Office Supplies,2033.584
West,Office Supplies,4.672
West,Office Supplies,9.568
West,Office Supplies,9.408
West,Office Supplies,7.968
West,Office Supplies,15.36
West,Office Supplies,25.032
West,Office Supplies,19.296
West,Office Supplies,25.032
West,Office Supplies,14.016
West,Office Supplies,89.696
West,Office Supplies,49.408
West,Office Supplies,20.736
West,Office Supplies,177.536
West,Office Supplies,137.24
West,Office Supplies,895.92
West,Office Supplies,8.72
West,Office Supplies,12.768
West,Office Supplies,273.92
West,Office Supplies,168.624
West,Office Supplies,88.074
West,Office Supplies,38.388
West,Office Supplies,45.96
West,Office Supplies,10.86
West,Office Supplies,12.48
West,Office Supplies,12.96
West,Office Supplies,13.36
West,Office Supplies,109.92
West,Office Supplies,231.72
West,Office Supplies,79.47
West,Office Supplies,25.35
West,Office Supplies,314.6
West,Office Supplies,17.9
West,Office Supplies,10.08
West,Office Supplies,71.88
West,Office Supplies,35.88
West,Office Supplies,255.85
West,Office Supplies,83.88
West,Office Supplies,7.184
West,Office Supplies,33.568
West,Office Supplies,69.456
West,Office Supplies,8.288
West,Office Supplies,7.752
West,Office Supplies,17.04
West,Office Supplies,931.176
West,Office Supplies,9.024
West,Office Supplies,69.48
West,Office Supplies,3.15
West,Office Supplies,3.75
West,Office Supplies,6.48
West,Office Supplies,10.68
West,Office Supplies,16.06
West,Office Supplies,3.52
West,Office Supplies,39.68
West,Office Supplies,8.26
West,Office Supplies,3.36
West,Office Supplies,8.96
West,Office Supplies,9.82
West,Office Supplies,6.3
West,Office Supplies,22.96
West,Office Supplies,8.96
West,Office Supplies,20.56
West,Office Supplies,97.88
West,Office Supplies,10.56
West,Office Supplies,41.96
West,Office Supplies,69.52
West,Office Supplies,276.28
West,Office Supplies,67.78
West,Office Supplies,261.74
West,Office Supplies,13.68
West,Office Supplies,61.44
West,Office Supplies,70.95
West,Office Supplies,18.24
West,Office Supplies,271.44
West,Office Supplies,44.4
West,Office Supplies,116.28
West,Office Supplies,79.14
West,Office Supplies,146.73
West,Office Supplies,19.44
West,Office Supplies,79.14
West,Office Supplies,164.88
West,Office Supplies,19.44
West,Office Supplies,4912.59
West,Office Supplies,10.95
West,Office Supplies,321.92
West,Office Supplies,30.56
West,Office Supplies,26.76
West,Office Supplies,27.36
West,Office Supplies,154.9
West,Office Supplies,32.4
West,Office Supplies,29.95
West,Office Supplies,99.2
West,Office Supplies,57.9
West,Office Supplies,14.75
West,Office Supplies,18.75
West,Office Supplies,14.4
West,Office Supplies,32.4
West,Office Supplies,41.7
West,Office Supplies,32.4
West,Office Supplies,354.9
West,Office Supplies,449.15
West,Office Supplies,676.55
West,Office Supplies,324.9
West,Office Supplies,28.4
West,Office Supplies,320.88
West,Office Supplies,34.08
West,Office Supplies,572.58
West,Office Supplies,90.86
West,Office Supplies,14.7
West,Office Supplies,18.06
West,Office Supplies,21.98
West,Office Supplies,149.73
West,Office Supplies,763.44
West,Office Supplies,31.5
West,Office Supplies,427.42
West,Office Supplies,9.328
West,Office Supplies,2.992
West,Office Supplies,15.176
West,Office Supplies,104.696
West,Office Supplies,17.248
West,Office Supplies,841.568
West,Office Supplies,65.568
West,Office Supplies,12.544
West,Office Supplies,49.568
West,Office Supplies,55.264
West,Office Supplies,69.456
West,Office Supplies,9.728
West,Office Supplies,54.896
West,Office Supplies,5.984
West,Office Supplies,25.584
West,Office Supplies,34.248
West,Office Supplies,11.784
West,Office Supplies,20.952
West,Office Supplies,12.144
West,Office Supplies,10.776
West,Office Supplies,11.784
West,Office Supplies,26.352
West,Office Supplies,9.432
West,Office Supplies,47.952
West,Office Supplies,64.864
West,Office Supplies,10.496
West,Office Supplies,18.56
West,Office Supplies,27.936
West,Office Supplies,20.928
West,Office Supplies,7.52
West,Office Supplies,24.32
West,Office Supplies,29.8
West,Office Supplies,83.92
West,Office Supplies,16.52
West,Office Supplies,325.632
West,Office Supplies,20.064
West,Office Supplies,31.248
West,Office Supplies,21.336
West,Office Supplies,17.584
West,Office Supplies,629.184
West,Office Supplies,33.44
West,Office Supplies,71.632
West,Office Supplies,1.188
West,Office Supplies,7.77
West,Office Supplies,3.38
West,Office Supplies,2.94
West,Office Supplies,9.78
West,Office Supplies,3.15
West,Office Supplies,55.48
West,Office Supplies,6.48
West,Office Supplies,47.9
West,Office Supplies,142.86
West,Office Supplies,42.76
West,Office Supplies,14.98
West,Office Supplies,80.98
West,Office Supplies,13.98
West,Office Supplies,40.54
West,Office Supplies,7.9
West,Office Supplies,75.84
West,Office Supplies,81.96
West,Office Supplies,39.68
West,Office Supplies,9.78
West,Office Supplies,23.32
West,Office Supplies,5.76
West,Office Supplies,11.68
West,Office Supplies,8.56
West,Office Supplies,5.96
West,Office Supplies,3.64
West,Office Supplies,11.68
West,Office Supplies,4.2
West,Office Supplies,23.1
West,Office Supplies,23.36
West,Office Supplies,21.34
West,Office Supplies,11.16
West,Office Supplies,61.96
West,Office Supplies,5.22
West,Office Supplies,5.76
West,Office Supplies,12.6
West,Office Supplies,12.96
West,Office Supplies,8.56
West,Office Supplies,10.56
West,Office Supplies,8
West,Office Supplies,10.86
West,Office Supplies,11.96
West,Office Supplies,12.96
West,Office Supplies,11.96
West,Office Supplies,12.96
West,Office Supplies,8.56
West,Office Supplies,12.96
West,Office Supplies,12.96
West,Office Supplies,77.52
West,Office Supplies,37.94
West,Office Supplies,63.56
West,Office Supplies,270.62
West,Office Supplies,310.12
West,Office Supplies,221.96
West,Office Supplies,323.1
West,Office Supplies,93.02
West,Office Supplies,40.68
West,Office Supplies,323.1
West,Office Supplies,197.58
West,Office Supplies,227.28
West,Office Supplies,17.76
West,Office Supplies,16.9
West,Office Supplies,238.62
West,Office Supplies,238.62
West,Office Supplies,140.67
West,Office Supplies,186.15
West,Office Supplies,25.86
West,Office Supplies,59.7
West,Office Supplies,53.97
West,Office Supplies,14.52
West,Office Supplies,16.74
West,Office Supplies,12.39
West,Office Supplies,59.52
West,Office Supplies,34.65
West,Office Supplies,4.17
West,Office Supplies,5.28
West,Office Supplies,8.82
West,Office Supplies,31.44
West,Office Supplies,11.34
West,Office Supplies,8.67
West,Office Supplies,9.24
West,Office Supplies,44.4
West,Office Supplies,14.94
West,Office Supplies,19.44
West,Office Supplies,17.61
West,Office Supplies,27.18
West,Office Supplies,19.44
West,Office Supplies,30.18
West,Office Supplies,540.57
West,Office Supplies,99.87
West,Office Supplies,31.44
West,Office Supplies,242.94
West,Office Supplies,37.32
West,Office Supplies,15.84
West,Office Supplies,29.7
West,Office Supplies,47.19
West,Office Supplies,17.22
West,Office Supplies,15.8
West,Office Supplies,1158.12
West,Office Supplies,43.92
West,Office Supplies,17.48
West,Office Supplies,31.08
West,Office Supplies,11.76
West,Office Supplies,11.76
West,Office Supplies,210.84
West,Office Supplies,30.56
West,Office Supplies,12.6
West,Office Supplies,37.52
West,Office Supplies,25.92
West,Office Supplies,32.04
West,Office Supplies,105.52
West,Office Supplies,33.36
West,Office Supplies,105.52
West,Office Supplies,87.92
West,Office Supplies,21.12
West,Office Supplies,25.92
West,Office Supplies,91.36
West,Office Supplies,25.92
West,Office Supplies,25.92
West,Office Supplies,481.32
West,Office Supplies,54.32
West,Office Supplies,48.84
West,Office Supplies,405.64
West,Office Supplies,1117.92
West,Office Supplies,541.24
West,Office Supplies,168.1
West,Office Supplies,1640.7
West,Office Supplies,13.9
West,Office Supplies,179.9
West,Office Supplies,99.2
West,Office Supplies,99.2
West,Office Supplies,50.8
West,Office Supplies,20.65
West,Office Supplies,19.4
West,Office Supplies,304.9
West,Office Supplies,419.9
West,Office Supplies,14.9
West,Office Supplies,17.9
West,Office Supplies,8.4
West,Office Supplies,152.65
West,Office Supplies,18.45
West,Office Supplies,32.4
West,Office Supplies,33.4
West,Office Supplies,244.55
West,Office Supplies,23.85
West,Office Supplies,80.3
West,Office Supplies,204.9
West,Office Supplies,579.3
West,Office Supplies,40.7
West,Office Supplies,64.4
West,Office Supplies,38.88
West,Office Supplies,185.88
West,Office Supplies,226.56
West,Office Supplies,485.88
West,Office Supplies,92.52
West,Office Supplies,61.38
West,Office Supplies,381.36
West,Office Supplies,265.86
West,Office Supplies,45.36
West,Office Supplies,1085.42
West,Office Supplies,1000.02
West,Office Supplies,1000.02
West,Office Supplies,87.84
West,Office Supplies,23.04
West,Office Supplies,385.6
West,Office Supplies,182.72
West,Office Supplies,2518.29
West,Office Supplies,35.82
West,Office Supplies,274.77
West,Office Supplies,47.52
West,Office Supplies,368.91
West,Office Supplies,65.79
West,Office Supplies,440.19
West,Office Supplies,39
West,Office Supplies,64.74
West,Office Supplies,11.176
West,Office Supplies,7.312
West,Office Supplies,3.912
West,Office Supplies,9.584
West,Office Supplies,22.424
West,Office Supplies,3.304
West,Office Supplies,11.416
West,Office Supplies,3.856
West,Office Supplies,3.592
West,Office Supplies,114.288
West,Office Supplies,60.672
West,Office Supplies,18.72
West,Office Supplies,6.848
West,Office Supplies,13.904
West,Office Supplies,20.72
West,Office Supplies,12.672
West,Office Supplies,107.648
West,Office Supplies,15.968
West,Office Supplies,12.832
West,Office Supplies,65.568
West,Office Supplies,30.96
West,Office Supplies,8.928
West,Office Supplies,40.736
West,Office Supplies,48.64
West,Office Supplies,271.984
West,Office Supplies,24.704
West,Office Supplies,276.784
West,Office Supplies,13.488
West,Office Supplies,13.904
West,Office Supplies,7.312
West,Office Supplies,2.368
West,Office Supplies,5.904
West,Office Supplies,593.568
West,Office Supplies,23.832
West,Office Supplies,13.92
West,Office Supplies,4.32
West,Office Supplies,153.552
West,Office Supplies,19.296
West,Office Supplies,11.808
West,Office Supplies,9.144
West,Office Supplies,36.36
West,Office Supplies,36.024
West,Office Supplies,50.352
West,Office Supplies,90.48
West,Office Supplies,14.352
West,Office Supplies,25.032
West,Office Supplies,104.184
West,Office Supplies,21.312
West,Office Supplies,79.872
West,Office Supplies,11.232
West,Office Supplies,19.008
West,Office Supplies,15.552
West,Office Supplies,74.352
West,Office Supplies,15.696
West,Office Supplies,19.608
West,Office Supplies,131.904
West,Office Supplies,338.04
West,Office Supplies,19.936
West,Office Supplies,9.984
West,Office Supplies,19.168
West,Office Supplies,20.416
West,Office Supplies,18.368
West,Office Supplies,26.976
West,Office Supplies,13.216
West,Office Supplies,86.272
West,Office Supplies,363.648
West,Office Supplies,139.424
West,Office Supplies,203.88
West,Office Supplies,23.2
West,Office Supplies,19.68
West,Office Supplies,5083.96
West,Office Supplies,29.8
West,Office Supplies,19.68
West,Office Supplies,15.92
West,Office Supplies,21.36
West,Office Supplies,419.4
West,Office Supplies,29.6
West,Office Supplies,105.52
West,Office Supplies,79.4
West,Office Supplies,33.8
West,Office Supplies,70.464
West,Office Supplies,81.792
West,Office Supplies,18.288
West,Office Supplies,23.136
West,Office Supplies,41.904
West,Office Supplies,57.504
West,Office Supplies,196.704
West,Office Supplies,146.544
West,Office Supplies,31.104
West,Office Supplies,100.704
West,Office Supplies,119.904
West,Office Supplies,60.984
West,Office Supplies,18.088
West,Office Supplies,159.768
West,Office Supplies,12.096
West,Office Supplies,307.776
West,Office Supplies,221.056
West,Office Supplies,35.352
West,Office Supplies,2793.528
West,Office Supplies,60.048
West,Office Supplies,718.64
West,Office Supplies,51.648
West,Office Supplies,5.022
West,Office Supplies,72.588
West,Office Supplies,5.214
West,Office Supplies,5.214
West,Office Supplies,1.938
West,Office Supplies,9.762
West,Office Supplies,13.005
West,Office Supplies,1.872
West,Office Supplies,551.985
West,Office Supplies,10.44
West,Office Supplies,4.158
West,Office Supplies,14.301
West,Office Supplies,36.624
West,Office Supplies,77.031
West,Technology,36.51
West,Technology,41.94
West,Technology,99.98
West,Technology,58.58
West,Technology,239.97
West,Technology,46.32
West,Technology,254.24
West,Technology,102.13
West,Technology,3149.93
West,Technology,7.16
West,Technology,15.992
West,Technology,28.4
West,Technology,532.72
West,Technology,4799.984
West,Technology,318.4
West,Technology,201.584
West,Technology,91.176
West,Technology,239.976
West,Technology,837.6
West,Technology,230.376
West,Technology,159.968
West,Technology,79.968
West,Technology,211.168
West,Technology,95.84
West,Technology,583.8
West,Technology,71.96
West,Technology,239.952
West,Technology,169.064
West,Technology,2575.944
West,Technology,66.976
West,Technology,95.994
West,Technology,1039.728
West,Technology,1919.976
West,Technology,2399.96
West,Technology,185.528
West,Technology,12.99
West,Technology,16.59
West,Technology,359.98
West,Technology,33.18
West,Technology,41.94
West,Technology,299.97
West,Technology,109.53
West,Technology,49.08
West,Technology,100
West,Technology,159.56
West,Technology,111.96
West,Technology,149.95
West,Technology,189.95
West,Technology,1287.45
West,Technology,7.92
West,Technology,439.992
West,Technology,119.96
West,Technology,52.792
West,Technology,52.792
West,Technology,23.344
West,Technology,879.984
West,Technology,68.72
West,Technology,105.584
West,Technology,15.984
West,Technology,302.384
West,Technology,28.784
West,Technology,333.576
West,Technology,167.976
West,Technology,110.352
West,Technology,71.976
West,Technology,117.576
West,Technology,125.976
West,Technology,88.776
West,Technology,39.96
West,Technology,623.96
West,Technology,87.96
West,Technology,263.96
West,Technology,143.952
West,Technology,1626.192
West,Technology,59.994
West,Technology,99.99
West,Technology,159.98
West,Technology,659.9
West,Technology,27.88
West,Technology,36
West,Technology,31.86
West,Technology,199.98
West,Technology,17.9
West,Technology,159.98
West,Technology,843.9
West,Technology,33.9
West,Technology,69.98
West,Technology,254.97
West,Technology,62.31
West,Technology,99.39
West,Technology,66.3
West,Technology,39
West,Technology,239.97
West,Technology,89.97
West,Technology,45
West,Technology,479.97
West,Technology,179.97
West,Technology,239.97
West,Technology,177
West,Technology,159.96
West,Technology,236
West,Technology,239.96
West,Technology,27.6
West,Technology,349.95
West,Technology,149.95
West,Technology,44.75
West,Technology,95.1
West,Technology,1649.95
West,Technology,1287.45
West,Technology,129.45
West,Technology,595
West,Technology,479.94
West,Technology,209.94
West,Technology,98.16
West,Technology,111.93
West,Technology,265.93
West,Technology,559.92
West,Technology,116
West,Technology,166.16
West,Technology,251.91
West,Technology,1496.16
West,Technology,1099.5
West,Technology,7.992
West,Technology,39.992
West,Technology,103.192
West,Technology,100.8
West,Technology,239.984
West,Technology,31.984
West,Technology,302.384
West,Technology,83.984
West,Technology,201.584
West,Technology,36.784
West,Technology,258.576
West,Technology,222.384
West,Technology,31.984
West,Technology,361.376
West,Technology,83.984
West,Technology,49.616
West,Technology,159.984
West,Technology,45.12
West,Technology,165.6
West,Technology,506.28
West,Technology,71.976
West,Technology,225.576
West,Technology,88.752
West,Technology,859.2
West,Technology,196.776
West,Technology,1487.976
West,Technology,311.976
West,Technology,107.88
West,Technology,191.976
West,Technology,302.376
West,Technology,110.352
West,Technology,304.776
West,Technology,191.976
West,Technology,859.2
West,Technology,16.776
West,Technology,271.968
West,Technology,438.368
West,Technology,1145.6
West,Technology,67.04
West,Technology,403.168
West,Technology,263.96
West,Technology,195.96
West,Technology,91.96
West,Technology,183.96
West,Technology,19.8
West,Technology,371.2
West,Technology,71.96
West,Technology,62.352
West,Technology,767.952
West,Technology,71.952
West,Technology,604.752
West,Technology,57.36
West,Technology,86.352
West,Technology,57.408
West,Technology,377.928
West,Technology,668.16
West,Technology,2396.4
West,Technology,1075.088
West,Technology,269.97
West,Furniture,286.85
West,Furniture,44.46
West,Furniture,14.56
West,Furniture,44.67
West,Furniture,25.83
West,Furniture,8.73
West,Furniture,145.9
West,Furniture,199.9
West,Furniture,211.84
West,Furniture,1497.666
West,Furniture,280.792
West,Furniture,32.776
West,Furniture,241.568
West,Furniture,585.552
West,Furniture,98.328
West,Furniture,674.352
West,Furniture,601.536
West,Furniture,403.92
West,Furniture,454.272
West,Furniture,1673.184
West,Furniture,377.45
West,Furniture,31.96
West,Furniture,187.76
West,Furniture,25.4
West,Furniture,411.332
West,Furniture,599.165
West,Furniture,113.888
West,Furniture,113.568
West,Furniture,122.352
West,Furniture,215.976
West,Furniture,259.136
West,Furniture,83.136
West,Furniture,2054.272
West,Furniture,6.16
West,Furniture,141.96
West,Furniture,521.96
West,Furniture,37.74
West,Furniture,25.02
West,Furniture,14.73
West,Furniture,76.14
West,Furniture,34.92
West,Furniture,511.5
West,Furniture,327.76
West,Furniture,1913.4
West,Furniture,2348.82
West,Furniture,148.257
West,Furniture,1198.33
West,Furniture,300.904
West,Furniture,892.224
West,Furniture,915.136
West,Furniture,2003.92
West,Furniture,191.968
West,Furniture,896.328
West,Furniture,681.408
West,Furniture,6.98
West,Furniture,23.99
West,Furniture,9.98
West,Furniture,4.95
West,Furniture,4.18
West,Furniture,163.88
West,Furniture,111
West,Furniture,9.94
West,Furniture,41.96
West,Furniture,19.54
West,Furniture,42.6
West,Furniture,15.24
West,Furniture,60.84
West,Furniture,26.25
West,Furniture,191.82
West,Furniture,22.14
West,Furniture,22.14
West,Furniture,82.26
West,Furniture,15.84
West,Furniture,22.77
West,Furniture,303.25
West,Furniture,1137.75
West,Furniture,665.88
West,Furniture,20.04
West,Furniture,63.98
West,Furniture,2036.86
West,Furniture,629.64
West,Furniture,63.47
West,Furniture,119.833
West,Furniture,120.666
West,Furniture,203.983
West,Furniture,40.784
West,Furniture,120.784
West,Furniture,61.584
West,Furniture,13.592
West,Furniture,99.592
West,Furniture,478.48
West,Furniture,241.424
West,Furniture,129.568
West,Furniture,113.888
West,Furniture,449.568
West,Furniture,68.704
West,Furniture,169.568
West,Furniture,21.44
West,Furniture,513.024
West,Furniture,842.376
West,Furniture,915.136
West,Furniture,291.136
West,Furniture,1603.136
West,Furniture,8.544
West,Furniture,1487.04
West,Furniture,75.36
West,Furniture,1325.76
West,Furniture,1004.976
West,Furniture,46.872
West,Furniture,518.272
West,Furniture,2676.672
West,Furniture,564.195
West,Furniture,386.91
West,Office Supplies,19.83
West,Office Supplies,2.78
West,Office Supplies,56.3
West,Office Supplies,7.9
West,Office Supplies,12.96
West,Office Supplies,12.84
West,Office Supplies,8.64
West,Office Supplies,19.44
West,Office Supplies,164.88
West,Office Supplies,46.53
West,Office Supplies,104.28
West,Office Supplies,7.04
West,Office Supplies,66.96
West,Office Supplies,14.9
West,Office Supplies,32.4
West,Office Supplies,48.4
West,Office Supplies,49.5
West,Office Supplies,80.28
West,Office Supplies,15.872
West,Office Supplies,2.224
West,Office Supplies,2.496
West,Office Supplies,209.792
West,Office Supplies,11.808
West,Office Supplies,9.296
West,Office Supplies,11.648
West,Office Supplies,147.184
West,Office Supplies,90.48
West,Office Supplies,13.848
West,Office Supplies,14.352
West,Office Supplies,54.816
West,Office Supplies,14.352
West,Office Supplies,215.592
West,Office Supplies,18.688
West,Office Supplies,13.216
West,Office Supplies,15.936
West,Office Supplies,68.448
West,Office Supplies,88.04
West,Office Supplies,101.84
West,Office Supplies,18.16
West,Office Supplies,34.76
West,Office Supplies,147.92
West,Office Supplies,83.92
West,Office Supplies,172.752
West,Office Supplies,31.104
West,Office Supplies,7.857
West,Office Supplies,76.776
West,Office Supplies,11.976
West,Office Supplies,17.904
West,Office Supplies,45.24
West,Office Supplies,40.635
West,Office Supplies,47.9
West,Office Supplies,106.96
West,Office Supplies,22.18
West,Office Supplies,15.28
West,Office Supplies,12.96
West,Office Supplies,7.36
West,Office Supplies,7.8
West,Office Supplies,22.92
West,Office Supplies,5.67
West,Office Supplies,59.94
West,Office Supplies,1112.94
West,Office Supplies,6.72
West,Office Supplies,41.4
West,Office Supplies,41.4
West,Office Supplies,45.36
West,Office Supplies,481.32
West,Office Supplies,26.4
West,Office Supplies,37.17
West,Office Supplies,6.384
West,Office Supplies,4.304
West,Office Supplies,23.12
West,Office Supplies,44.856
West,Office Supplies,189
West,Office Supplies,5.58
West,Office Supplies,12.78
West,Office Supplies,5
West,Office Supplies,6.48
West,Office Supplies,48.91
West,Office Supplies,6.48
West,Office Supplies,15.51
West,Office Supplies,46.51
West,Office Supplies,7.78
West,Office Supplies,11.16
West,Office Supplies,3.52
West,Office Supplies,61.96
West,Office Supplies,13.36
West,Office Supplies,12.96
West,Office Supplies,7.3
West,Office Supplies,113.22
West,Office Supplies,5.58
West,Office Supplies,143.7
West,Office Supplies,146.82
West,Office Supplies,166.44
West,Office Supplies,40.74
West,Office Supplies,146.73
West,Office Supplies,6.24
West,Office Supplies,81.92
West,Office Supplies,87.92
West,Office Supplies,11.56
West,Office Supplies,123.92
West,Office Supplies,23.12
West,Office Supplies,223.92
West,Office Supplies,15.52
West,Office Supplies,43.1
West,Office Supplies,8.8
West,Office Supplies,32.4
West,Office Supplies,32.4
West,Office Supplies,114.2
West,Office Supplies,158.9
West,Office Supplies,31.08
West,Office Supplies,35.88
West,Office Supplies,288.24
West,Office Supplies,76.58
West,Office Supplies,45.36
West,Office Supplies,452.55
West,Office Supplies,947.17
West,Office Supplies,90.8
West,Office Supplies,270.34
West,Office Supplies,33.024
West,Office Supplies,22.848
West,Office Supplies,107.648
West,Office Supplies,11.952
West,Office Supplies,4535.976
West,Office Supplies,93.024
West,Office Supplies,67.136
West,Office Supplies,55.36
West,Office Supplies,147.92
West,Office Supplies,590.352
West,Office Supplies,67.84
West,Office Supplies,10.98
West,Office Supplies,8.62
West,Office Supplies,34.58
West,Office Supplies,16.99
West,Office Supplies,2.78
West,Office Supplies,7.58
West,Office Supplies,1.81
West,Office Supplies,4.71
West,Office Supplies,2.88
West,Office Supplies,4.73
West,Office Supplies,5.98
West,Office Supplies,20.34
West,Office Supplies,14.97
West,Office Supplies,361.96
West,Office Supplies,56.3
West,Office Supplies,5.56
West,Office Supplies,5.76
West,Office Supplies,5.56
West,Office Supplies,8.28
West,Office Supplies,5.56
West,Office Supplies,44.02
West,Office Supplies,124.46
West,Office Supplies,9.02
West,Office Supplies,2.48
West,Office Supplies,4.02
West,Office Supplies,6.16
West,Office Supplies,5.78
West,Office Supplies,12.6
West,Office Supplies,14.62
West,Office Supplies,45.68
West,Office Supplies,110.96
West,Office Supplies,12.96
West,Office Supplies,8.56
West,Office Supplies,97.82
West,Office Supplies,13.36
West,Office Supplies,11.76
West,Office Supplies,9.96
West,Office Supplies,12.96
West,Office Supplies,12.9
West,Office Supplies,81.98
West,Office Supplies,6.58
West,Office Supplies,61.96
West,Office Supplies,37.94
West,Office Supplies,45.68
West,Office Supplies,18.54
West,Office Supplies,52.76
West,Office Supplies,56.56
West,Office Supplies,323.1
West,Office Supplies,310.12
West,Office Supplies,16.68
West,Office Supplies,40.74
West,Office Supplies,270.72
West,Office Supplies,9.84
West,Office Supplies,8.82
West,Office Supplies,18.24
West,Office Supplies,7.86
West,Office Supplies,8.94
West,Office Supplies,44.4
West,Office Supplies,11.94
West,Office Supplies,113.82
West,Office Supplies,314.55
West,Office Supplies,29.04
West,Office Supplies,19.44
West,Office Supplies,20.34
West,Office Supplies,51.45
West,Office Supplies,64.17
West,Office Supplies,46.53
West,Office Supplies,25.35
West,Office Supplies,43.92
West,Office Supplies,105.96
West,Office Supplies,227.84
West,Office Supplies,23.36
West,Office Supplies,6.72
West,Office Supplies,13.12
West,Office Supplies,11.52
West,Office Supplies,12.32
West,Office Supplies,34.24
West,Office Supplies,195.76
West,Office Supplies,163.96
West,Office Supplies,192.16
West,Office Supplies,23.92
West,Office Supplies,359.32
West,Office Supplies,1640.7
West,Office Supplies,56.65
West,Office Supplies,21.4
West,Office Supplies,21.4
West,Office Supplies,8.4
West,Office Supplies,13.9
West,Office Supplies,43.7
West,Office Supplies,12.35
West,Office Supplies,17.05
West,Office Supplies,99.9
West,Office Supplies,56.7
West,Office Supplies,21.4
West,Office Supplies,29.9
West,Office Supplies,244.55
West,Office Supplies,32.4
West,Office Supplies,32.75
West,Office Supplies,29.9
West,Office Supplies,26.4
West,Office Supplies,86.2
West,Office Supplies,44.4
West,Office Supplies,487.92
West,Office Supplies,87.36
West,Office Supplies,236.88
West,Office Supplies,107.94
West,Office Supplies,19.68
West,Office Supplies,23.88
West,Office Supplies,119.04
West,Office Supplies,18.9
West,Office Supplies,38.88
West,Office Supplies,38.88
West,Office Supplies,50.04
West,Office Supplies,19.46
West,Office Supplies,18.69
West,Office Supplies,12.74
West,Office Supplies,13.86
West,Office Supplies,13.02
West,Office Supplies,22.05
West,Office Supplies,20.16
West,Office Supplies,286.93
West,Office Supplies,1856.19
West,Office Supplies,1575.14
West,Office Supplies,269.36
West,Office Supplies,31.84
West,Office Supplies,20.88
West,Office Supplies,58.48
West,Office Supplies,39.28
West,Office Supplies,71.6
West,Office Supplies,60.12
West,Office Supplies,249.75
West,Office Supplies,136.26
West,Office Supplies,1.408
West,Office Supplies,4.784
West,Office Supplies,4.176
West,Office Supplies,5.104
West,Office Supplies,44.784
West,Office Supplies,87.168
West,Office Supplies,14.576
West,Office Supplies,5.344
West,Office Supplies,7.712
West,Office Supplies,6.368
West,Office Supplies,6.096
West,Office Supplies,6.096
West,Office Supplies,51.168
West,Office Supplies,5.84
West,Office Supplies,6.208
West,Office Supplies,19.152
West,Office Supplies,20.232
West,Office Supplies,37.056
West,Office Supplies,82.896
West,Office Supplies,6.672
West,Office Supplies,86.376
West,Office Supplies,11.304
West,Office Supplies,11.952
West,Office Supplies,15.552
West,Office Supplies,29.472
West,Office Supplies,13.376
West,Office Supplies,110.528
West,Office Supplies,19.936
West,Office Supplies,67.136
West,Office Supplies,20.736
West,Office Supplies,43.56
West,Office Supplies,82.56
West,Office Supplies,23.24
West,Office Supplies,15.24
West,Office Supplies,112.12
West,Office Supplies,39.92
West,Office Supplies,29.12
West,Office Supplies,41.72
West,Office Supplies,99.68
West,Office Supplies,10.64
West,Office Supplies,180.96
West,Office Supplies,41.904
West,Office Supplies,56.16
West,Office Supplies,14.304
West,Office Supplies,30.576
West,Office Supplies,71.04
West,Office Supplies,51.184
West,Office Supplies,140.736
West,Office Supplies,49.792
West,Office Supplies,14.976
West,Office Supplies,24.192
West,Office Supplies,511.056
West,Office Supplies,437.472
West,Office Supplies,64.96
West,Office Supplies,9.156
West,Office Supplies,4.938
West,Office Supplies,3.108
West,Office Supplies,21.594
West,Office Supplies,12.03
West,Office Supplies,8.964
West,Office Supplies,4.536
West,Technology,0.99
West,Technology,29.29
West,Technology,199.98
West,Technology,26.85
West,Technology,389.97
West,Technology,395
West,Technology,199.75
West,Technology,1499.95
West,Technology,54.384
West,Technology,63.824
West,Technology,17.52
West,Technology,35.984
West,Technology,112.776
West,Technology,3357.6
West,Technology,43.176
West,Technology,203.976
West,Technology,28.68
West,Technology,31.176
West,Technology,627.168
West,Technology,604.768
West,Technology,67.96
West,Technology,2879.952
West,Technology,4158.912
West,Technology,703.71
West,Technology,16.95
West,Technology,59.98
West,Technology,1687.8
West,Technology,7.992
West,Technology,7.92
West,Technology,671.984
West,Technology,146.952
West,Technology,71.976
West,Technology,177.48
West,Technology,41.6
West,Technology,2395.2
West,Technology,475.944
West,Technology,36.32
West,Technology,159.98
West,Technology,59.97
West,Technology,239.97
West,Technology,371.97
West,Technology,214.95
West,Technology,11.56
West,Technology,73.584
West,Technology,659.976
West,Technology,761.544
West,Technology,889.536
West,Technology,140.736
West,Technology,575.928
West,Technology,79.99
West,Technology,94.99
West,Technology,26.96
West,Technology,13.98
West,Technology,284.97
West,Technology,89.97
West,Technology,270
West,Technology,62.85
West,Technology,107.97
West,Technology,108.96
West,Technology,399.96
West,Technology,100
West,Technology,104.75
West,Technology,450
West,Technology,345
West,Technology,21.21
West,Technology,31.992
West,Technology,343.2
West,Technology,61.192
West,Technology,109.592
West,Technology,156.792
West,Technology,95.984
West,Technology,35.36
West,Technology,479.984
West,Technology,249.584
West,Technology,33.52
West,Technology,206.384
West,Technology,105.584
West,Technology,219.168
West,Technology,84.784
West,Technology,333.576
West,Technology,246.168
West,Technology,818.376
West,Technology,659.976
West,Technology,477.6
West,Technology,302.376
West,Technology,453.576
West,Technology,1279.968
West,Technology,689.408
West,Technology,1091.168
West,Technology,35.168
West,Technology,271.96
West,Technology,555.96
West,Technology,339.96
West,Technology,3359.952
West,Technology,321.552
West,Technology,1212.848
West,Technology,173.656
West,Technology,255.936
West,Technology,3023.928
West,Technology,599.985
West,Technology,2549.985
